kategorie;name;strasse;plz;stadtteil;telefon;oeffnungszeiten;maps;status;notiz
Döner/Imbiss;Pasta Friends;Hammerbrookstraße 92;20097;;;;https://www.google.com/maps/search/?api=1&query=53.5443686,10.0252249;;
Döner/Imbiss;Miss Döner;Carl-von-Ossietzky-Platz 1;20099;;;Mo-Su 10:00-02:00;https://www.google.com/maps/search/?api=1&query=53.5567809,10.0106212;;
Döner/Imbiss;Barış Grillhaus;Lange Reihe 1;20099;;+49 176 36197117;"Su-Th 10:00-02:00; Fr,Sa 10:00-04:00";https://www.google.com/maps/search/?api=1&query=53.5557779,10.0087239;;
Döner/Imbiss;Akandeiz tantuni;Steindamm 68;20099;;+49 40 23845541;Mo-Sa 10:00-24:00;https://www.google.com/maps/search/?api=1&query=53.554482,10.0149702;;
Döner/Imbiss;Falafel Haus;Grindelallee 44;20146;;;"Mo-Fr 11:30-21:00; Sa 12:00-21:00; Su 13:00-21:00";https://www.google.com/maps/search/?api=1&query=53.5660967,9.9824643;;
Döner/Imbiss;Akdeniz;Grindelallee 81;20146;;;"Mo-Fr 11:00-22:30; Sa,Su 12:00-22:00";https://www.google.com/maps/search/?api=1&query=53.5676431,9.9802476;;
Döner/Imbiss;Campus Döner;Grindelallee 88;20146;;;Mo-Su 11:00-21:00;https://www.google.com/maps/search/?api=1&query=53.5669472,9.9813713;;
Döner/Imbiss;Uni Döner;Grindelhof 2-6;20146;;;"Mo-Sa 10:00-23:00; PH,Su 11:00-23:00";https://www.google.com/maps/search/?api=1&query=53.567199,9.981268;;
Döner/Imbiss;Özi's Kabab;Müggenkampstraße 52;20257;;;"Mo-Sa 11:00-21:00; Su,PH 12:00-21:00";https://www.google.com/maps/search/?api=1&query=53.5801615,9.9420534;;
Döner/Imbiss;Falafelicious;Bellealliancestraße 52;20259;;;12:00-22:00;https://www.google.com/maps/search/?api=1&query=53.5683497,9.9616287;;
Döner/Imbiss;Tunnel Döner;Dag-Hammarskjöld-Platz 15;20354;;;;https://www.google.com/maps/search/?api=1&query=53.5608211,9.989915;;
Döner/Imbiss;Hamza Kebab;Dammtorstraße 23;20354;;;Mo-Fr 11:00-19:00;https://www.google.com/maps/search/?api=1&query=53.5573896,9.9890316;;
Döner/Imbiss;Riads;Johannes-Brahms-Platz 7;20355;Neustadt;;"Mo-Fr 12:00-15:00,17:30-23:00; Sa 16:00-23:00; Su 13:00-23:00";https://www.google.com/maps/search/?api=1&query=53.5548491,9.9800543;;
Döner/Imbiss;BAN BAB KEBABKLUB;Marktstraße 130;20357;;+49 40 52102960;Mo-Sa 12:00-22:00;https://www.google.com/maps/search/?api=1&query=53.5585215,9.9726826;;
Döner/Imbiss;Schanzen Döner;Schanzenstraße 101;20357;;+49 40 36939347;"Mo-Th 11:00-02:00; Fr-Sa 11:00-05:00; Su 11:00-23:00";https://www.google.com/maps/search/?api=1&query=53.5639926,9.9652408;;
Döner/Imbiss;Istanbul Brunch House;Schanzenstraße 48;20357;;+49 40 63737640;;https://www.google.com/maps/search/?api=1&query=53.5612148,9.9657269;;
Döner/Imbiss;Big Food;Schulterblatt 13;20357;;+49 40 4305099;"Mo-Th, Su 11:00-00:00; Fr, Sa 11:00-04:00";https://www.google.com/maps/search/?api=1&query=53.5596887,9.9635934;;
Döner/Imbiss;Haus des Döners;Schulterblatt 16;20357;;;Su-Th,PH 11:30-24:00, Fr,Sa 11:30-03:00;https://www.google.com/maps/search/?api=1&query=53.5601993,9.9636318;;
Döner/Imbiss;Deniz Imbiß;Talstraße 25;20359;;+49403174950;;https://www.google.com/maps/search/?api=1&query=53.5506635,9.9600111;;
Döner/Imbiss;Mavi;Am Kaiserkai 46;20457;;;"Su-Th 12:00-22:00; Fr,Sa 12:00-23:00";https://www.google.com/maps/search/?api=1&query=53.5415042,9.9876131;;
Döner/Imbiss;Serhat Döner;Eiffestraße 95;20537;;;Mo-Su 07:00-24:00;https://www.google.com/maps/search/?api=1&query=53.5527926,10.0414385;;
Döner/Imbiss;Harput Döner;Hammer Landstraße 232;20537;;;Mo-Su,PH 07:00-23:00;https://www.google.com/maps/search/?api=1&query=53.55376,10.0653189;;
Döner/Imbiss;Miss Kebap;Mendelstraße 26b;21031;;;;https://www.google.com/maps/search/?api=1&query=53.5088308,10.1861228;;
Döner/Imbiss;Berek Döner;Edith-Stein-Platz 3;21035;;;;https://www.google.com/maps/search/?api=1&query=53.48688,10.1800272;;
Döner/Imbiss;Sirali Kebab;Lüneburger Straße 20;21073;;;Mo-Su 08:00-22:00;https://www.google.com/maps/search/?api=1&query=53.4585246,9.9831938;;
Döner/Imbiss;As Urfa Harburg;Moorstraße 2;21073;;+49 40 64883613;Su-Th 08:00-02:00, Sa,Fr 08:00-04:00;https://www.google.com/maps/search/?api=1&query=53.4566148,9.9858324;;
Döner/Imbiss;The Kumpir;Moorstraße 5;21073;;;"Mo-Sa 11:00-22:30; Su 13:00-22:00";https://www.google.com/maps/search/?api=1&query=53.4569764,9.9858774;;
Döner/Imbiss;Zaza King;Moorstraße 7;21073;;;;https://www.google.com/maps/search/?api=1&query=53.4571149,9.9859051;;
Döner/Imbiss;Delikato;Seevepassage 3;21073;;;;https://www.google.com/maps/search/?api=1&query=53.4573081,9.9863114;;
Döner/Imbiss;Köz Patara;Wilstorfer Straße 56;21073;;+49 40 770055;;https://www.google.com/maps/search/?api=1&query=53.4561764,9.9856524;;
Döner/Imbiss;Özlem Köfte;Wilstorfer Straße 72;21073;;;;https://www.google.com/maps/search/?api=1&query=53.4553121,9.9870501;;
Döner/Imbiss;Bosporus Lounge;Hannoversche Straße 86;21079;;+49 40 32527714;Mo-Sa 10:00-20:00;https://www.google.com/maps/search/?api=1&query=53.4563888,9.9878955;;
Döner/Imbiss;Laziz Fried Chicken;Hannoversche Straße 86;21079;;;Mo-Sa 10:00-20:00;https://www.google.com/maps/search/?api=1&query=53.45633,9.9875573;;
Döner/Imbiss;Beykoz Balik Ekmek;Vogelhüttendeich 54;21107;;+49 40 3548046;Tu-Su 12:00-22:00;https://www.google.com/maps/search/?api=1&query=53.5172062,9.987743;;
Döner/Imbiss;bena hol Döner & Pizza;Nincoper Deich 1;21129;;+49 40 80040057;"Mo-Sa 07:00-21:00; Su 08:00-21:00";https://www.google.com/maps/search/?api=1&query=53.5151119,9.7932798;;
Döner/Imbiss;Elite Döner Imbiss;Nincoper Straße 149;21129;;+49 40 25496127;Mo-Su 10:30-21:00;https://www.google.com/maps/search/?api=1&query=53.5152272,9.7929857;;
Döner/Imbiss;Ach Der Deniz;Rehrstieg 30C;21147;;;;https://www.google.com/maps/search/?api=1&query=53.4749076,9.8757144;;
Döner/Imbiss;Grillhaus Neugraben;Neugrabener Markt 2;21149;;+49 40 3987 0741;;https://www.google.com/maps/search/?api=1&query=53.4699096,9.853932;;
Döner/Imbiss;Anatolia Street Food;Holzmühlenstraße 100;22041;;;"Mo-Th 11:30-22:30; Fr-Su 12:00-23:00";https://www.google.com/maps/search/?api=1&query=53.5849994,10.0781361;;
Döner/Imbiss;Ata;Am Stadtrand 66;22047;;;"Tu-Fr 17:00-22:30; PH,Su 12:00-22:00; Sa 17:00-23:00";https://www.google.com/maps/search/?api=1&query=53.593795,10.0984334;;
Döner/Imbiss;Firat Kebap;Weidestraße 85;22083;;;;https://www.google.com/maps/search/?api=1&query=53.5798662,10.0311373;;
Döner/Imbiss;my Kebap’s;Mundsburger Damm 63;22087;;+49 40 55449595;Mo-Su 11:00-23:00;https://www.google.com/maps/search/?api=1&query=53.5700929,10.0262643;;
Döner/Imbiss;Idol Döner;Wandsbeker Chaussee 271;22089;;;Mo-Su 11:30-22:00;https://www.google.com/maps/search/?api=1&query=53.5693843,10.05529;;
Döner/Imbiss;Patara;Billstedter Hauptstraße 43;22111;Billstedt;;;https://www.google.com/maps/search/?api=1&query=53.5404213,10.1011717;;
Döner/Imbiss;bonjour Kumpir;Billstedter Hauptstraße 5;22111;;;"Mo-Sa 09:30-20:00; PH off";https://www.google.com/maps/search/?api=1&query=53.5401667,10.1041386;;
Döner/Imbiss;Sel Kebap's;Billstedter Hauptstraße 51;22111;;+49 40 73432710;Mo-Su, PH 11:00-23:00;https://www.google.com/maps/search/?api=1&query=53.5400853,10.1026175;;
Döner/Imbiss;Homs Döner;Horner Weg 222;22111;;;"Su-Th 11:00-02:00; Fr-Sa 14:00-03:00";https://www.google.com/maps/search/?api=1&query=53.5546369,10.0783905;;
Döner/Imbiss;Volkan´s Grillhaus;Rennbahnstraße 38c;22111;;+49 40 65990532;;https://www.google.com/maps/search/?api=1&query=53.5538993,10.0851709;;
Döner/Imbiss;Deniz-Grill;Kandinskyallee 14-18;22115;;;;https://www.google.com/maps/search/?api=1&query=53.5270428,10.1502981;;
Döner/Imbiss;Artemis;Mümmelmannsberg 80;22115;;;;https://www.google.com/maps/search/?api=1&query=53.5295686,10.1492406;;
Döner/Imbiss;Dö-Back Köz Haus;Alte Berner Straße 4;22147;;;;https://www.google.com/maps/search/?api=1&query=53.6257841,10.140394;;
Döner/Imbiss;Heisse Ecke Döner;August-Krogmann-Straße 22;22159;;;;https://www.google.com/maps/search/?api=1&query=53.6079323,10.1169907;;
Döner/Imbiss;Manzara - The Kebab Culture;Bramfelder Chaussee 230;22177;;;Mo-Sa 10:00-20:00;https://www.google.com/maps/search/?api=1&query=53.6122263,10.0766869;;
Döner/Imbiss;Mert Grill;Bramfelder Chaussee 323;22177;;;Mo-Su 10:00-22:00;https://www.google.com/maps/search/?api=1&query=53.6186821,10.0795627;;
Döner/Imbiss;Roza Grill;Jarrestraße 26;22303;;;Mo-Su,PH 10:00-23:00;https://www.google.com/maps/search/?api=1&query=53.5843236,10.0229671;;
Döner/Imbiss;Limon;Mühlenkamp 18;22303;;+49 40 75295398;Su-Th 11:00-24:00, Fr,Sa 11:00-01:00;https://www.google.com/maps/search/?api=1&query=53.5810404,10.012296;;
Döner/Imbiss;sour kitchen;Mühlenkamp 59;22303;;;11:30-20:30;https://www.google.com/maps/search/?api=1&query=53.5831949,10.0097753;;
Döner/Imbiss;Semper Döner;Semperstraße 52;22303;;;;https://www.google.com/maps/search/?api=1&query=53.5862073,10.017265;;
Döner/Imbiss;Et-Öz Döner;Fuhlsbüttler Straße 110;22305;;;"Su-Th 11:00-00:00; Fr-Sa 11:00-02:00";https://www.google.com/maps/search/?api=1&query=53.5889067,10.0459811;;
Döner/Imbiss;Fresh & Easy;Fuhlsbüttler Straße 153;22305;;;"Mo-Sa 11:00-20:00; Su 13:00-20:00";https://www.google.com/maps/search/?api=1&query=53.5920335,10.043901;;
Döner/Imbiss;No. 35 Original İzmir Streetfood;Hardorffsweg 15;22305;;;;https://www.google.com/maps/search/?api=1&query=53.5927343,10.0439616;;
Döner/Imbiss;Lezzet;Fuhlsbüttler Straße 173;22307;;+49 172 428 39 09;Mo-Su 12:00-22:00;https://www.google.com/maps/search/?api=1&query=53.5942828,10.0437839;;
Döner/Imbiss;Kebab Kitchen;Fuhlsbüttler Straße 386;22309;;;"Su-Fr 10:00-23:00; Sa 11:00-24:00";https://www.google.com/maps/search/?api=1&query=53.6018623,10.0411519;;
Döner/Imbiss;Frühling Bistro;Sportallee 60;22335;;;;https://www.google.com/maps/search/?api=1&query=53.6173297,10.000927;;
Döner/Imbiss;Berlin Döner;Hummelsbüttler Hauptstraße 55 b;22339;;;"Mo-Sa 11:00-22:00; Su 12:00-22:00";https://www.google.com/maps/search/?api=1&query=53.641441,10.0373394;;
Döner/Imbiss;Güney Döner;Lentersweg 42;22339;;;"Mo-Fr 10:00-21:00; Sa 12:00-21:00; Su 14:00-21:00";https://www.google.com/maps/search/?api=1&query=53.6386326,10.0280468;;
Döner/Imbiss;Bizim Döner;Wiesenhöfen 2;22359;;;;https://www.google.com/maps/search/?api=1&query=53.6487152,10.167325;;
Döner/Imbiss;König Döner;Heegbarg 4;22391;;;"Mo-Sa 10:00-21:00; PH,Su 11:00-20:00";https://www.google.com/maps/search/?api=1&query=53.652512,10.0929859;;
Döner/Imbiss;Bizim Döner;Rolfinckstraße 21;22391;;;"Su-Th 11:00-22:00; Fr-Sa 11:00-23:00";https://www.google.com/maps/search/?api=1&query=53.6409749,10.0828294;;
Döner/Imbiss;Kaya;Krohnstieg 4;22415;;;"Mo-Sa 07:00-22:00; PH off";https://www.google.com/maps/search/?api=1&query=53.6497741,10.01612;;
Döner/Imbiss;Borstel Kebab;Borsteler Chaussee 113;22453;;;;https://www.google.com/maps/search/?api=1&query=53.6066222,9.9795277;;
Döner/Imbiss;Schnelsener Kebap House;Oldesloer Straße 41;22457;;;;https://www.google.com/maps/search/?api=1&query=53.6362002,9.9172006;;
Döner/Imbiss;Döner by Flame;Eidelstedter Platz 1;22523;;;Mo-Sa 10:00-23:00;https://www.google.com/maps/search/?api=1&query=53.6076194,9.9045745;;
Döner/Imbiss;Döner 58;Hörgensweg;22523;;;Mo-Sa 11:00-20:00;https://www.google.com/maps/search/?api=1&query=53.6161409,9.9052297;;
Döner/Imbiss;Kings Döner;Lohkampstraße 11;22523;;;"Mo-Sa 10:00-22:30; Su 10:00-22:00";https://www.google.com/maps/search/?api=1&query=53.6085635,9.9026239;;
Döner/Imbiss;Kebap Lounge;Koppelstraße 45;22529;;;Mo-Su 10:00-22:30;https://www.google.com/maps/search/?api=1&query=53.5931485,9.9437272;;
Döner/Imbiss;Imbiss Dürum;Bornheide 47;22549;;+49 40 84054640;Mo-Sa 07:30-23:00, Su 10:30-23:00;https://www.google.com/maps/search/?api=1&query=53.5873991,9.8512626;;
Döner/Imbiss;Bey Kebab;Bahrenfelder Straße 115;22765;;;"Mo-Sa 09:00-24:00; Su 10:00-24:00";https://www.google.com/maps/search/?api=1&query=53.5528772,9.9296276;;
Döner/Imbiss;LeGosht;Bahrenfelder Straße 185;22765;;;;https://www.google.com/maps/search/?api=1&query=53.555014,9.9284294;;
Döner/Imbiss;anatolian street food;Bahrenfelder Straße 205;22765;;;;https://www.google.com/maps/search/?api=1&query=53.5556974,9.928318;;
Döner/Imbiss;Döner Company;Ottenser Hauptstraße 24;22765;;;;https://www.google.com/maps/search/?api=1&query=53.55218,9.930517;;
Döner/Imbiss;Salman Imbiss;Ottenser Hauptstraße 33;22765;;+49 1590 1404599;"Mo-Su 11:00-00:00; Sa, Su 00:00-01:00";https://www.google.com/maps/search/?api=1&query=53.5519378,9.9296094;;
Döner/Imbiss;KÖFTE BURGER FOR FRIENDS;Lerchenstraße 115;22767;;;"Mo-Th 10:00-23:00; Fr, Sa 10:00-01:00; Su 10:00-23:00";https://www.google.com/maps/search/?api=1&query=53.5598726,9.9633751;;
Döner/Imbiss;Çıtır Lahmacun;Louise-Schroeder-Straße 31;22767;;+49 40 63918253;Tu-Su 12:30-21:30;https://www.google.com/maps/search/?api=1&query=53.5512313,9.9491311;;
Döner/Imbiss;Falafel Pyramides;Bahrenfelder Straße;;;+49 40 36911935;;https://www.google.com/maps/search/?api=1&query=53.5560058,9.9285739;;
Döner/Imbiss;Kaya Lahmacun;Bauerbergweg 11 c;;;+49 40 73673669;Tu-Su 10:00-19:00;https://www.google.com/maps/search/?api=1&query=53.5492344,10.0771786;;
Döner/Imbiss;Ali Baba Döner & Grill;Große Bergstraße 227;;;;Mo-Sa 10:00-22:00;https://www.google.com/maps/search/?api=1&query=53.5519874,9.9418735;;
Döner/Imbiss;Sultan's;Hammer Steindamm 58;;;;;https://www.google.com/maps/search/?api=1&query=53.5649128,10.0571417;;
Döner/Imbiss;Döner Queen;Jarrestraße 57;;;;;https://www.google.com/maps/search/?api=1&query=53.5853968,10.0265678;;
Döner/Imbiss;Karo Kebab House;Marktstraße 130;;;;"Mo-Th, Su 10:00-22:00; Fr, Sa 10:00-00:00";https://www.google.com/maps/search/?api=1&query=53.5584994,9.9726494;;
Döner/Imbiss;Soul Kebap;Neuer Kamp;;;;Mo-Sa 10:00-20:30;https://www.google.com/maps/search/?api=1&query=53.5564894,9.9668;;
Döner/Imbiss;My Kebap's;Osterstraße 31;;;;Mo-Su 10:00-23:00;https://www.google.com/maps/search/?api=1&query=53.5745825,9.9588164;;
Döner/Imbiss;Reeperbahn Döner;Reeperbahn 140;;;;;https://www.google.com/maps/search/?api=1&query=53.5496925,9.9593344;;
Döner/Imbiss;Middle Eastern Restaurant;Reeperbahn 153;;;;;https://www.google.com/maps/search/?api=1&query=53.5494529,9.9577031;;
Döner/Imbiss;Tom-big;Reeperbahn 96;;;;;https://www.google.com/maps/search/?api=1&query=53.549673,9.9615599;;
Döner/Imbiss;Mitri Saliba;Springeltwiete 7;;;;Mo-Fr 11:30-16:00;https://www.google.com/maps/search/?api=1&query=53.5496604,10.0032663;;
Döner/Imbiss;Istasyon;Tangstedter Landstraße 44;;;;;https://www.google.com/maps/search/?api=1&query=53.6489497,10.0169339;;
Döner/Imbiss;Melissas Orient Buffet;Valentinskamp 18;;;;Mo-Fr 07:00-16:30;https://www.google.com/maps/search/?api=1&query=53.5554851,9.9863073;;
Döner/Imbiss;Balkan Bakery & Grill;Veringstraße 28;;;;;https://www.google.com/maps/search/?api=1&query=53.5159458,9.9876053;;
Döner/Imbiss;döner time;Wandsbeker Chaussee 272;;;;;https://www.google.com/maps/search/?api=1&query=53.5699253,10.0593035;;
Döner/Imbiss;Döner Point;;21107;;;;https://www.google.com/maps/search/?api=1&query=53.5151162,9.9871037;;
Döner/Imbiss;Hünkar;;;;;"Mo-Th 11:00-23:00; Fr,Sa 11:00-24:00; Su 12:00-23:00";https://www.google.com/maps/search/?api=1&query=53.4622481,9.9819453;;
Döner/Imbiss;Arena Imbiss;;;;;"Mo-Fr 08:00-23:00; Sa 09:00-23:00";https://www.google.com/maps/search/?api=1&query=53.5734599,9.8923162;;
Döner/Imbiss;Meşhur Adıyaman Çiğ Köftecisi;;;;;;https://www.google.com/maps/search/?api=1&query=53.5177754,9.9866895;;
Döner/Imbiss;Döner Kebab;;;;;;https://www.google.com/maps/search/?api=1&query=53.5979565,9.8621084;;
Döner/Imbiss;Aslan Döner;;;;;Mo-Su 11:00-22:00;https://www.google.com/maps/search/?api=1&query=53.5930037,9.9875149;;
Döner/Imbiss;Gaziantep;;;;;;https://www.google.com/maps/search/?api=1&query=53.5529071,10.0103267;;
Döner/Imbiss;Sait;;;;;06:00-04:00;https://www.google.com/maps/search/?api=1&query=53.5527609,10.0109025;;
Döner/Imbiss;Kebap Salonu Urfa;;;;;;https://www.google.com/maps/search/?api=1&query=53.554733,10.014368;;
Döner/Imbiss;Sultans;;;;;;https://www.google.com/maps/search/?api=1&query=53.5459924,10.0246165;;
Döner/Imbiss;Rödings Döner;;;;;;https://www.google.com/maps/search/?api=1&query=53.5478886,9.9870417;;
Döner/Imbiss;Ess-Bahn Döner-Grill;;;;;"Mo-Th 09:00-12:00; Fr,Sa 09:00-01:00, Su 18:00-12:00";https://www.google.com/maps/search/?api=1&query=53.6035778,9.8930812;;
Döner/Imbiss;Furkaan Imbiss;;;;;;https://www.google.com/maps/search/?api=1&query=53.4929487,10.0133714;;
Döner/Imbiss;Döner Queen;;;;;;https://www.google.com/maps/search/?api=1&query=53.4608891,9.9797608;;
Döner/Imbiss;Elbdöner;;;;;Mo-Su,PH 08:00-22:00;https://www.google.com/maps/search/?api=1&query=53.4580107,9.9660548;;
Döner/Imbiss;Holsten Döner;;;;;Mo-Su 09:00-02:00;https://www.google.com/maps/search/?api=1&query=53.5616642,9.9486273;;
Döner/Imbiss;Stadtpark Grill;;;;;Mo-Su 10:30-23:00;https://www.google.com/maps/search/?api=1&query=53.5905886,10.0152781;;
Döner/Imbiss;Onkel Döner;;;;+49 170 4894824;Mo-Su 09:00-23:00;https://www.google.com/maps/search/?api=1&query=53.6471411,9.9085917;;
Döner/Imbiss;güvens kebap haus;;;;;Mo-Su,PH 09:00-01:00;https://www.google.com/maps/search/?api=1&query=53.5175782,9.9865397;;
Döner/Imbiss;Ali Köz;;;;;;https://www.google.com/maps/search/?api=1&query=53.6109783,10.0580549;;
Döner/Imbiss;Uni Grill Döner;;;;;;https://www.google.com/maps/search/?api=1&query=53.4601305,9.9754085;;
Döner/Imbiss;KÖZ LEZZET;;;;;Mo-Su,PH 07:00-01:00;https://www.google.com/maps/search/?api=1&query=53.5177548,9.9858065;;
Döner/Imbiss;Dein Döner;;;;;"Mo-Fr 08:30-22:30; Sa 09:15-22:00; Su 09:30-22:00";https://www.google.com/maps/search/?api=1&query=53.6483656,10.0155145;;
Döner/Imbiss;Mir;;;;;Mo-Su 11:30-20:30;https://www.google.com/maps/search/?api=1&query=53.5818928,9.7563502;;
Döner/Imbiss;Hatay;;;;;Su-We 10:00-01:00, Th-Sa 10:00-03:00;https://www.google.com/maps/search/?api=1&query=53.4653152,9.9621853;;
Döner/Imbiss;Köz Antep Gülbaba;;;;;;https://www.google.com/maps/search/?api=1&query=53.5493596,9.9590383;;
Döner/Imbiss;Sultans Kitchen;;;;;;https://www.google.com/maps/search/?api=1&query=53.6018967,10.0623621;;
Döner/Imbiss;Sel Kebap's;;;;;;https://www.google.com/maps/search/?api=1&query=53.5841112,9.9686673;;
Döner/Imbiss;Salli's Food Center;;;;;Mo-Su,PH 04:30-01:00;https://www.google.com/maps/search/?api=1&query=53.5227739,10.014399;;
Döner/Imbiss;KebapWelt;;;;;PH,Mo-Su 10:00-22:00;https://www.google.com/maps/search/?api=1&query=53.4601221,9.9767309;;
Döner/Imbiss;Ardacan Grill;;;;;08:00+;https://www.google.com/maps/search/?api=1&query=53.607099,10.1181152;;
Döner/Imbiss;Shiraz;;;;+49 40 38632488;;https://www.google.com/maps/search/?api=1&query=53.573215,10.071175;;
Döner/Imbiss;Balat Imbiss;;;;+49 40 639 47 371;"Mo-Th 08:00-00:45; Fr,Sa 08:00-03:00";https://www.google.com/maps/search/?api=1&query=53.5923247,10.0753892;;
Döner/Imbiss;Olivia;;;;;Mo-Sa 08:30-19:00;https://www.google.com/maps/search/?api=1&query=53.5619303,9.9155896;;
Döner/Imbiss;Dream Döner;;;;;;https://www.google.com/maps/search/?api=1&query=53.4800631,9.8748493;;
Döner/Imbiss;Arin Kebap;;;;;;https://www.google.com/maps/search/?api=1&query=53.5547667,9.9892883;;
Döner/Imbiss;Urfalim Döner;;;;;;https://www.google.com/maps/search/?api=1&query=53.5036853,10.2128102;;
Döner/Imbiss;Mr. Kebab;;;;;Mo-Sa 12:00-22:00;https://www.google.com/maps/search/?api=1&query=53.5563972,9.9626853;;
Döner/Imbiss;Döner Connection;;;;+49 40 76756668;Su-Fr 11:00-21:30;https://www.google.com/maps/search/?api=1&query=53.4647373,9.9642358;;
Döner/Imbiss;Bereket Döner;;;;;;https://www.google.com/maps/search/?api=1&query=53.554524,10.0849254;;
Döner/Imbiss;Bizim Dönerci;;;;;;https://www.google.com/maps/search/?api=1&query=53.5716143,10.0651458;;
Döner/Imbiss;Boberg Döner Haus;;;;;;https://www.google.com/maps/search/?api=1&query=53.5153075,10.1666309;;
Döner/Imbiss;Dubara;;;;;Mo-Su,PH 12:00-24:00;https://www.google.com/maps/search/?api=1&query=53.5847734,10.0250939;;
Döner/Imbiss;Okay Grill;;;;+49 40 84600046;"Mo-Fr 11:00-22:00; Sa,Su 12:00-22:00";https://www.google.com/maps/search/?api=1&query=53.5775603,9.9421305;;
Döner/Imbiss;The Salli's Kebab;;;;;;https://www.google.com/maps/search/?api=1&query=53.5681322,9.9696411;;
Döner/Imbiss;döner time;;;;;;https://www.google.com/maps/search/?api=1&query=53.5530006,10.0224631;;
Döner/Imbiss;SoulKebab;;;;;Mo-Su,PH 11:00-24:00;https://www.google.com/maps/search/?api=1&query=53.5999144,9.994844;;
Döner/Imbiss;Batman;;;;;;https://www.google.com/maps/search/?api=1&query=53.5542197,10.0143459;;
Döner/Imbiss;Oster Grill;;;;;Mo-Su 10:00-24:00;https://www.google.com/maps/search/?api=1&query=53.576246,9.949663;;
Döner/Imbiss;Mina;;;;;;https://www.google.com/maps/search/?api=1&query=53.4978283,10.0095916;;
Döner/Imbiss;Konak Kebap;;;;;;https://www.google.com/maps/search/?api=1&query=53.6052945,10.1561708;;
Döner/Imbiss;Ayintap Dürüm;;;;;;https://www.google.com/maps/search/?api=1&query=53.5153021,9.9935449;;
Döner/Imbiss;Dulsberg Kebap-Haus;;;;;;https://www.google.com/maps/search/?api=1&query=53.5816813,10.0650461;;
Döner/Imbiss;Dönerei;;;;;Mo-Sa 11:00-22:00, PH,Su 12:30-21:00;https://www.google.com/maps/search/?api=1&query=53.5337834,10.0387819;;
Döner/Imbiss;As Urfa;;;;;;https://www.google.com/maps/search/?api=1&query=53.5536216,10.0120303;;
Döner/Imbiss;Mönkey's;;;;;;https://www.google.com/maps/search/?api=1&query=53.5521113,10.0046965;;
Döner/Imbiss;Grill Center;;;;;Mo-Su 11:00-23:00;https://www.google.com/maps/search/?api=1&query=53.5794445,9.9454352;;
Döner/Imbiss;Burg Döner;;;;;Su-Th 05:00-01:00, Fr,Sa 05:00-03:00;https://www.google.com/maps/search/?api=1&query=53.5559528,10.0421292;;
Döner/Imbiss;Bingöl Döner;;;;;;https://www.google.com/maps/search/?api=1&query=53.5502094,9.9675381;;
Döner/Imbiss;Bey Kebab;;;;;Mo-Th 10:00-24:00, Fr,Sa 11:00-01:00;https://www.google.com/maps/search/?api=1&query=53.5932511,10.0524289;;
Döner/Imbiss;Hazal Kebab;;;;;Mo-Su 11:00-22:00;https://www.google.com/maps/search/?api=1&query=53.5486251,10.0135913;;
Döner/Imbiss;Öz Antep;;;;+49 40 3175232;24/7;https://www.google.com/maps/search/?api=1&query=53.5522843,9.9631997;;
Döner/Imbiss;Sira;;;;;"Mo-Fr 11:30-22:00; Sa 13:00-22:00";https://www.google.com/maps/search/?api=1&query=53.5876287,10.0467373;;
Döner/Imbiss;Kardelen;;;;;;https://www.google.com/maps/search/?api=1&query=53.5507189,9.9824506;;
Döner/Imbiss;Kebab-House;;;;;Mo-Fr 11:00-20:00;https://www.google.com/maps/search/?api=1&query=53.5643297,9.9264934;;
Döner/Imbiss;Kebo Döner;;;;;;https://www.google.com/maps/search/?api=1&query=53.5792471,10.0416037;;
Döner/Imbiss;Çiğköftem;;;;;Mo-Th 11:00-21:00, Fr,Sa 11:00-22:00, Su 12:00-21:00;https://www.google.com/maps/search/?api=1&query=53.4615612,9.9808036;;
Döner/Imbiss;Grill @ Döner;;;;;;https://www.google.com/maps/search/?api=1&query=53.5333417,9.876757;;
Döner/Imbiss;HBB Bistro;;;;;;https://www.google.com/maps/search/?api=1&query=53.6209744,10.0322237;;
Döner/Imbiss;Sert Grill Imbiss;;;;;"Mo-Fr 11:00-23:00; Sa,Su 12:00-23:00";https://www.google.com/maps/search/?api=1&query=53.5773549,10.0202671;;
Döner/Imbiss;Esmeyeli Döner;;;;;"Su-Th 11:00-22:00; Fr,Sa 11:00-22:30";https://www.google.com/maps/search/?api=1&query=53.6304391,10.0145736;;
Döner/Imbiss;Pamukkale;;;;;;https://www.google.com/maps/search/?api=1&query=53.4901632,10.2086017;;
Döner/Imbiss;Capitol;;;;;;https://www.google.com/maps/search/?api=1&query=53.5423694,10.1070849;;
Döner/Imbiss;Modöner;;;;;;https://www.google.com/maps/search/?api=1&query=53.5436188,9.9929694;;
Döner/Imbiss;Urfam;;;;+49 40 6890397;;https://www.google.com/maps/search/?api=1&query=53.5710604,10.0621836;;
Döner/Imbiss;Antep Lahmacun Döner & mehr;;;;;Mo-Sa 09:00-23:00;https://www.google.com/maps/search/?api=1&query=53.5540896,10.0860667;;
Döner/Imbiss;Dö Back Berne;;;;;;https://www.google.com/maps/search/?api=1&query=53.6265839,10.1387938;;
Döner/Imbiss;Hatay Dürüm Fried Chicken;;;;;Mo-Su,PH 11:00-18:00+;https://www.google.com/maps/search/?api=1&query=53.4650222,9.9624188;;
Döner/Imbiss;Kaya Feinkost;;;;;Mo-Sa 07:00-20:00;https://www.google.com/maps/search/?api=1&query=53.4705358,9.8527776;;
Döner/Imbiss;KEBABHAUS;;;;;;https://www.google.com/maps/search/?api=1&query=53.532457,9.8800729;;
Döner/Imbiss;Miss Kumpir;;;;;"Mo-Fr 11:00-19:00; Sa 11:00-17:00";https://www.google.com/maps/search/?api=1&query=53.6500289,10.0124552;;
Döner/Imbiss;Heidberg Döner;;;;+49 40 53104810;Mo-Su 11:00-21:00;https://www.google.com/maps/search/?api=1&query=53.6747185,10.0268939;;
Döner/Imbiss;Köz Ocakbasi;;;;;;https://www.google.com/maps/search/?api=1&query=53.552795,10.0109777;;
Döner/Imbiss;Babanin Yeri;;;;;Mo-Su 06:00-04:00;https://www.google.com/maps/search/?api=1&query=53.5530394,9.9582267;;
Döner/Imbiss;Köz Firat;;;;+49 40 55892276;;https://www.google.com/maps/search/?api=1&query=53.4612561,9.9783681;;
Döner/Imbiss;Sahha;;;;+49 40 40185858;Mo-Su 09:00-21:00;https://www.google.com/maps/search/?api=1&query=53.5535859,10.0062705;;
Döner/Imbiss;Wenden Kebap;;;;;Mo-Sa 06:00-21:00;https://www.google.com/maps/search/?api=1&query=53.5500291,10.0362098;;
Döner/Imbiss;My Kebap's;;;;;Mo-Su 10:00-23:00;https://www.google.com/maps/search/?api=1&query=53.581533,10.0130121;;
Döner/Imbiss;Döner Treff;;;;;"Mo-Sa 10:00-23:00; Su 11:30-23:00";https://www.google.com/maps/search/?api=1&query=53.4604005,9.9784615;;
Döner/Imbiss;Kumpir & Döner;;;;;Mo-Su,PH 13:00-02:00;https://www.google.com/maps/search/?api=1&query=53.5737067,10.0714874;;
Döner/Imbiss;Tadim Urfa;;;;;;https://www.google.com/maps/search/?api=1&query=53.5146894,9.9874302;;
Döner/Imbiss;Adra;;;;+49 40 67999331;Tu-Su 12:00-22:00, Mo off;https://www.google.com/maps/search/?api=1&query=53.5799195,10.1031094;;
Döner/Imbiss;Kiez Döner;;;;;;https://www.google.com/maps/search/?api=1&query=53.5499031,9.9579594;;
Döner/Imbiss;Der Urfa Döner;;;;;"Su-Th 09:00-23:00; Fr,Sa 09:00-24:00";https://www.google.com/maps/search/?api=1&query=53.5608075,10.0380448;;
Döner/Imbiss;Kaya Döner;;;;;;https://www.google.com/maps/search/?api=1&query=53.4390623,9.9896672;;
Döner/Imbiss;Safi Food;;;;;"Mo-Sa 10:00-23:00; Su 12:00-23:00";https://www.google.com/maps/search/?api=1&query=53.5705518,10.0599346;;
Döner/Imbiss;Köz Grillhaus;;;;+49 40 75687172;Mo-Su 08:00-24:00;https://www.google.com/maps/search/?api=1&query=53.4721929,9.8893076;;
Döner/Imbiss;Salli's Kebap & Grill;;;;;;https://www.google.com/maps/search/?api=1&query=53.5521707,9.9346789;;
Döner/Imbiss;Köz Steinbock;;;;;;https://www.google.com/maps/search/?api=1&query=53.549369,9.9588833;;
Döner/Imbiss;Döner Freiheit;;;;;;https://www.google.com/maps/search/?api=1&query=53.5505813,9.9574283;;
Döner/Imbiss;Big Döner House;;;;;;https://www.google.com/maps/search/?api=1&query=53.4712938,9.8540785;;
Döner/Imbiss;Falafel House;;;;;Mo-Sa 10:00-20:00;https://www.google.com/maps/search/?api=1&query=53.5528931,9.9317885;;
Döner/Imbiss;Salli’s;;;;;;https://www.google.com/maps/search/?api=1&query=53.552763,10.0038759;;
Döner/Imbiss;Denis Grill;;;;;;https://www.google.com/maps/search/?api=1&query=53.5389383,10.1225947;;
Döner/Imbiss;Döner Platz;;;;;;https://www.google.com/maps/search/?api=1&query=53.7080784,10.1086973;;
Döner/Imbiss;Mansoory's;;;;;;https://www.google.com/maps/search/?api=1&query=53.5489206,9.9548101;;
Döner/Imbiss;Sunar Kebap Haus;;;;;;https://www.google.com/maps/search/?api=1&query=53.5600655,10.1078532;;
Döner/Imbiss;Spießano;;;;;;https://www.google.com/maps/search/?api=1&query=53.5397617,9.9995542;;
Döner/Imbiss;The Döner;;;;;;https://www.google.com/maps/search/?api=1&query=53.5799634,10.0817393;;
Döner/Imbiss;Rissener Döner Pavillon;;;;;;https://www.google.com/maps/search/?api=1&query=53.581701,9.7546678;;
Döner/Imbiss;Kebap Lounge;;;;;;https://www.google.com/maps/search/?api=1&query=53.5947635,9.9990461;;
Döner/Imbiss;HBB-Bistro;;;;;;https://www.google.com/maps/search/?api=1&query=53.5530824,10.0244245;;
Döner/Imbiss;Tunnel Döner;;;;;;https://www.google.com/maps/search/?api=1&query=53.5519872,10.005625;;
Döner/Imbiss;Wunder Döner & Kumpir;;;;;;https://www.google.com/maps/search/?api=1&query=53.4607365,9.9816223;;
Döner/Imbiss;Perle Kebab;;;;;Mo-Sa 11:00-19:00;https://www.google.com/maps/search/?api=1&query=53.5519441,9.9999892;;
Döner/Imbiss;Saray;;;;;Mo-Sa 10:00-20:00;https://www.google.com/maps/search/?api=1&query=53.5515484,9.996608;;
Döner/Imbiss;Döner Meile;;;;;Mo-Sa 10:00-20:00;https://www.google.com/maps/search/?api=1&query=53.5739471,10.0327293;;
Umzug;H&S Umzüge & Logistik;;;;;;https://www.google.com/maps/search/?api=1&query=53.5603541,10.0257335;;
Umzug;Frank Zander Umzüge;;;;;;https://www.google.com/maps/search/?api=1&query=53.5656602,10.0382527;;
Umzug;Hirschberg Umzüge;;;;;;https://www.google.com/maps/search/?api=1&query=53.5673037,10.0460571;;
Umzug;Movemates;;;;;;https://www.google.com/maps/search/?api=1&query=53.5647204,10.0239972;;
Umzug;Fa. Basic;;;;;;https://www.google.com/maps/search/?api=1&query=53.5648945,10.0245468;;
Umzug;HMT Hamburger Möbel Transport;;;;;;https://www.google.com/maps/search/?api=1&query=53.5594403,10.0469364;;
Umzug;SeniorenUmzüge;;;;;;https://www.google.com/maps/search/?api=1&query=53.5574072,10.0514326;;
Umzug;Krumpf Umzüge, Lagerung, Transporte;;;;;;https://www.google.com/maps/search/?api=1&query=53.5944899,9.9072144;;
Pizza;Pizza Revolution;Steindamm 79;20099;;+49 40 25487262;;https://www.google.com/maps/search/?api=1&query=53.5559345,10.0170744;;
Pizza;Pizza Pazza;Schulterblatt 69;20357;;+49 40 78895330;;https://www.google.com/maps/search/?api=1&query=53.5618481,9.9617975;;
Pizza;Jimmy Elsass;Schäferstraße 26;20357;;+49 40 44195965;Tu-Sa 18:00-24:00;https://www.google.com/maps/search/?api=1&query=53.5683274,9.9660811;;
Pizza;joschi;Seilerstraße 40;20359;;;"We,Sa 17:00-22:00; Th-Fr 12:00-14:00,17:00-22:00";https://www.google.com/maps/search/?api=1&query=53.5505392,9.9636846;;
Pizza;Arione;Deichstraße 17;20459;;;;https://www.google.com/maps/search/?api=1&query=53.5463634,9.9877807;;
Pizza;Drive Pizza;Bürgerweide 62;20535;;;Mo-Su 12:00-22:30;https://www.google.com/maps/search/?api=1&query=53.5579344,10.0355229;;
Pizza;Trattoria Ciao Bella;Bergedorfer Straße 131-135;21029;;;"Mo-Th 11:00-23:00; Fr-Sa 11:00-24:00; PH 12:00-22:00; Su 12:00-22:00";https://www.google.com/maps/search/?api=1&query=53.486475,10.2137625;;
Pizza;Aldos Pizza & More;Lohbrügger Landstraße 80;21031;;;;https://www.google.com/maps/search/?api=1&query=53.5008313,10.1987089;;
Pizza;Ready Pizza;Bremer Straße 94;21073;;;"Mo-Th 11:30-22:00; Fr 11:30-23:30; Sa 12:00-23:30; Su 12:00-22:00";https://www.google.com/maps/search/?api=1&query=53.452034,9.9720644;;
Pizza;Pizzafabrik;Walddörferstraße 231;22047;;;;https://www.google.com/maps/search/?api=1&query=53.5816953,10.0939576;;
Pizza;Pizza Hut;Hamburger Straße 17-49;22083;;+49 40 20005462;Mo-Sa 10:00-20:00;https://www.google.com/maps/search/?api=1&query=53.5739228,10.0327707;;
Pizza;Das Joy;Winterhuder Weg 69;22085;;;"Tu-Sa 18:00-24:00+; Su,Mo off";https://www.google.com/maps/search/?api=1&query=53.5775082,10.0178817;;
Pizza;Pizza Hot Chili;Wandsbeker Chaussee 57;22089;;;"Mo-Th 11:30-22:30; Fr,Sa 11:30-23:00; Su,PH 12:00-22:00";https://www.google.com/maps/search/?api=1&query=53.5672097,10.0426254;;
Pizza;Hallo Pizza;Schiffbeker Weg 94;22119;;+49 40 81995800;;https://www.google.com/maps/search/?api=1&query=53.5487289,10.1086048;;
Pizza;Sale Pepe;Berner Heerweg 173-175;22159;;+49 40 64533985;Mo-Sa 10:00-19:00;https://www.google.com/maps/search/?api=1&query=53.6058606,10.118757;;
Pizza;Domino's;Bramfelder Chaussee 69;22177;;;;https://www.google.com/maps/search/?api=1&query=53.5987042,10.0659806;;
Pizza;Vamos to Napoli;Harksheider Straße 6;22399;;;;https://www.google.com/maps/search/?api=1&query=53.6602319,10.0833933;;
Pizza;Castello;Sportplatzring 47;22527;;+49 40 54 76 54 70;;https://www.google.com/maps/search/?api=1&query=53.5926147,9.9297722;;
Pizza;3 Käsehoch;Lokstedter Steindamm 55b;22529;;;;https://www.google.com/maps/search/?api=1&query=53.5930392,9.9671892;;
Pizza;Amor's Pizza;Griegstraße 126;22763;;;;https://www.google.com/maps/search/?api=1&query=53.5593754,9.9132906;;
Pizza;Pizzeria am Schlump;Beim Schlump 53;;;;;https://www.google.com/maps/search/?api=1&query=53.5685663,9.972252;;
Pizza;Primavera;Hopfensack 18;;;;;https://www.google.com/maps/search/?api=1&query=53.5484676,9.999332;;
Pizza;Bei Uns;Semperstraße 78;;;;Tu-Su 17:00-24:00;https://www.google.com/maps/search/?api=1&query=53.5876283,10.0203534;;
Pizza;Boca Restaurant & Bar;;22559;;;;https://www.google.com/maps/search/?api=1&query=53.5816796,9.7646402;;
Pizza;Domino's;;;;;"Su-Th 11:00-22:00; Fr,Sa 11:00-23:00";https://www.google.com/maps/search/?api=1&query=53.5985688,9.8588047;;
Pizza;Mundfein;;;;;"Mo-Fr 11:00-24:00; Sa,Su,PH 12:00-24:00";https://www.google.com/maps/search/?api=1&query=53.5733288,9.9497206;;
Pizza;Pizza Max;;;;;"Fr,Sa 11:00-24:00; Su-Th 11:00-23:00";https://www.google.com/maps/search/?api=1&query=53.5819254,10.0443713;;
Pizza;Ciao Bella;;;;;We-Mo 12:00-22:00;https://www.google.com/maps/search/?api=1&query=53.6182233,9.9507977;;
Pizza;Toni Pizzeria;;;;;Mo-Th 11:00-14:00, Fr 16:30-22:00, Sa 16:00-23:00, PH,Su 15:00-22:00, Mo-Th 16:30-22:00, Fr 11:00-14:00;https://www.google.com/maps/search/?api=1&query=53.5733943,9.8921892;;
Pizza;Pizza Hot Bell;;;;;Mo-Su 16:00-02:00;https://www.google.com/maps/search/?api=1&query=53.5634048,10.0608498;;
Pizza;Croque Master;;;;+49 40 41307896;"Mo-Fr 11:30-21:00; So 16:00-21:00";https://www.google.com/maps/search/?api=1&query=53.5711374,9.9232268;;
Pizza;Pizza Buddy's;;;;;"Tu 13:00-22:00; Mo off; We,Th 12:00-22:00; Fr 14:00-24:00; Sa 15:00-24:00";https://www.google.com/maps/search/?api=1&query=53.5563271,9.9635666;;
Pizza;Sofia's;;;;;;https://www.google.com/maps/search/?api=1&query=53.4504803,9.9885406;;
Pizza;Papa John's;;;;;;https://www.google.com/maps/search/?api=1&query=53.5498954,10.0179974;;
Pizza;Perfect Pizza;;;;;;https://www.google.com/maps/search/?api=1&query=53.5936363,9.9888709;;
Pizza;Trattoria da Leandro;;;;+49 40 87603068;Mo-Su 11:00-24:00;https://www.google.com/maps/search/?api=1&query=53.5678926,9.9642426;;
Pizza;Crown Pizza;;;;;Mo-Su 14:30-22:30;https://www.google.com/maps/search/?api=1&query=53.5164214,9.9931622;;
Pizza;Pizza Al Taglio;;;;+49 40 79692626;"Sa 16:00-23:00; Fr 12:00-23:00; Su 16:00-22:00; Mo-Th 12:00-22:30";https://www.google.com/maps/search/?api=1&query=53.5565298,9.9280171;;
Pizza;Ezzo's Pizza;;;;;;https://www.google.com/maps/search/?api=1&query=53.5832726,10.0675253;;
Pizza;Hot Pizza;;;;;"Tu-Fr,Su 12:00-22:00; Sa 12:00-22:30";https://www.google.com/maps/search/?api=1&query=53.5793186,10.0610321;;
Pizza;Pizza Pasta Bar;;;;+49 40 7410 52052;Mo-Fr 11:30-18:00;https://www.google.com/maps/search/?api=1&query=53.5920139,9.9730668;;
Pizza;Ready Pizza;;;;;"Mo-Sa 16:00-23:30; PH,Su 12:00-23:30";https://www.google.com/maps/search/?api=1&query=53.5764867,9.8585829;;
Pizza;Sofra;;;;;;https://www.google.com/maps/search/?api=1&query=53.4979108,10.0099517;;
Pizza;Crockpot's Pizza;;;;;;https://www.google.com/maps/search/?api=1&query=53.5650648,9.9293104;;
Pizza;La Bella;;;;;;https://www.google.com/maps/search/?api=1&query=53.5434822,9.9931229;;
Pizza;Rödings Backshop;;;;;;https://www.google.com/maps/search/?api=1&query=53.5478608,9.9870348;;
Pizza;La pasta Franco;;;;;;https://www.google.com/maps/search/?api=1&query=53.5511159,9.9945902;;
Pizza;Franco Due;;;;;;https://www.google.com/maps/search/?api=1&query=53.5512334,9.9944864;;
Pizza;Gepellos Pizza;;;;;"Mo-Th 11:00-22:30; Fr-Su 11:30-23:00";https://www.google.com/maps/search/?api=1&query=53.503864,10.2121765;;
Pizza;Il Camino;;;;;;https://www.google.com/maps/search/?api=1&query=53.4726386,9.8545907;;
Pizza;Nova;;;;;12:00-23:00;https://www.google.com/maps/search/?api=1&query=53.4370166,9.9663149;;
Pizza;Pizza Prinz;;;;;;https://www.google.com/maps/search/?api=1&query=53.5475777,10.010824;;
Pizza;Pizza Moin Moin;;;;;;https://www.google.com/maps/search/?api=1&query=53.6606837,10.0824827;;
Pizza;Der Holländer;;;;;"Tu-Th 11:30-21:55; Fr 15:30-22:55; Sa 14:00-22:55; Su 12:00-21:30; Mo off";https://www.google.com/maps/search/?api=1&query=53.4722383,9.8860274;;
Pizza;Die Pizzeria Königin;;;;;;https://www.google.com/maps/search/?api=1&query=53.5506581,9.8978489;;
Pizza;Kizzeria;;;;;;https://www.google.com/maps/search/?api=1&query=53.5487626,9.9611611;;
Pizza;L‘Unico;;;;;;https://www.google.com/maps/search/?api=1&query=53.581419,9.7567128;;
Pizza;Pizza Solo Bio;;;;;Mo-Sa 10:00-20:00;https://www.google.com/maps/search/?api=1&query=53.5527987,9.9319223;;
Pizza;Pizza Garage;;;;;;https://www.google.com/maps/search/?api=1&query=53.5500299,9.9567245;;
Pizza;Jimis;;;;;;https://www.google.com/maps/search/?api=1&query=53.5386882,9.9983585;;
Pizza;La Vera Pizza;;;;;"Mo-Th 11:00-22:30; Fr-Sa 11:00-23:00; Su 12:00-22:30";https://www.google.com/maps/search/?api=1&query=53.5550734,9.9428214;;
Pizza;Amita Pizza;;;;;;https://www.google.com/maps/search/?api=1&query=53.5468404,9.9967365;;
Pizza;World of Pizza;;;;;Su-Th 11:00-23:00, Fr,Sa 11:00-24:00;https://www.google.com/maps/search/?api=1&query=53.4940078,10.2070919;;
Pizza;ÜberQuell;;;;+49 40 334421260;"Mo-Th 17:00+; Fr,Sa 12:00+";https://www.google.com/maps/search/?api=1&query=53.5462706,9.9584588;;
Pizza;Parma;;;;;Mo-Sa 10:00-20:00;https://www.google.com/maps/search/?api=1&query=53.5739679,10.0326938;;
Friseur/Barber;Hairfantistic Hamburg;Gertrudenkirchhof 1;20095;;;;https://www.google.com/maps/search/?api=1&query=53.5518871,10.0010296;;
Friseur/Barber;Dope Boyz;Lilienstraße 11;20095;;;;https://www.google.com/maps/search/?api=1&query=53.5523838,10.0017712;;
Friseur/Barber;Ibrahim Kaba - Friseursalon;Böckmannstraße 22;20099;;+49 40 2802000;;https://www.google.com/maps/search/?api=1&query=53.5542708,10.0159214;;
Friseur/Barber;Elbschön;Lange Reihe 23;20099;;;;https://www.google.com/maps/search/?api=1&query=53.5563685,10.0096399;;
Friseur/Barber;Lindensaloon;St. Georgs Kirchhof 26;20099;;;Mo-Sa 16:00-22:00;https://www.google.com/maps/search/?api=1&query=53.5568406,10.0081588;;
Friseur/Barber;Casa Blanca Cut;Steindamm 91;20099;;;;https://www.google.com/maps/search/?api=1&query=53.5565802,10.0184873;;
Friseur/Barber;Heinrichs Salon;Bornstraße 16;20146;;;"Mo-Fr 10:00-20:00; Sa 10:00-18:00";https://www.google.com/maps/search/?api=1&query=53.5680316,9.98164;;
Friseur/Barber;Salon Ambiente;Grindelallee 104;20146;;;"Mo-Fr 09:00-20:00; Sa 09:00-19:00";https://www.google.com/maps/search/?api=1&query=53.5676822,9.9808693;;
Friseur/Barber;Friseur Ay;Grindelallee 150;20146;;;"Mo-Fr 09:00-19:00; Sa 09:00-18:00";https://www.google.com/maps/search/?api=1&query=53.5696803,9.9795654;;
Friseur/Barber;Inéz;Grindelhof;20146;;;"Mo-Fr 09:30-19:00; Sa 09:00-16:00; Su,PH off";https://www.google.com/maps/search/?api=1&query=53.5672941,9.9813767;;
Friseur/Barber;FON;Grindelhof;20146;;;"Mo-Fr 08:00-19:00; Sa 08:00-15:00";https://www.google.com/maps/search/?api=1&query=53.5682439,9.9823663;;
Friseur/Barber;First Class;Rentzelstraße 14;20146;;+49 152 13059907;"Mo-Fr 08:00-20:00; Sa 08:00-19:00";https://www.google.com/maps/search/?api=1&query=53.5664174,9.979635;;
Friseur/Barber;The Cut & Style;Eppendorfer Landstraße 96;20249;;;"Mo-Sa 09:00-20:00; PH off";https://www.google.com/maps/search/?api=1&query=53.5915887,9.9883351;;
Friseur/Barber;Frisuren & Kosmetik Conrad Strehl;Breitenfelder Straße 4;20251;;+49 40 487963;"Tu-Fr 09:00-18:00; Sa 09:00-13:00; Mo off";https://www.google.com/maps/search/?api=1&query=53.5841127,9.9705011;;
Friseur/Barber;Karsten Schuhmacher;Eppendorfer Landstraße 140;20251;;;;https://www.google.com/maps/search/?api=1&query=53.5938081,9.9883783;;
Friseur/Barber;Marcel Manschke Friseurmeister;Erikastraße 48;20251;;;"Tu,We 10:00-18:00; Th,Fr 10:00-20:00; Sa 10:00-16:00";https://www.google.com/maps/search/?api=1&query=53.5931115,9.9875062;;
Friseur/Barber;Le Coiffeur de Paris;Erikastraße 52;20251;;;Mo-Sa 10:00-19:00;https://www.google.com/maps/search/?api=1&query=53.5932882,9.9874854;;
Friseur/Barber;Männer...;Frickestraße 55;20251;;+49 40 4605557;Mo,Tu,Th,Fr,Sa 08:00-20:00;https://www.google.com/maps/search/?api=1&query=53.595694,9.977728;;
Friseur/Barber;The Cut & Style – Barbier Shop;Hegestraße 11;20251;;+49 40 76 48 95 72;Mo-Sa 09:30-19:30;https://www.google.com/maps/search/?api=1&query=53.5833344,9.9815696;;
Friseur/Barber;Sabrina Borstelmann;Lehmweg 35;20251;;;;https://www.google.com/maps/search/?api=1&query=53.583307,9.9800238;;
Friseur/Barber;champoo hamburg – Die Friseure;Löwenstraße 12;20251;;+49 40 29 82 17 17;"Tu,Fr 09:00-19:00; We 12:00-22:00, Th 10:00-19:00; Sa 09:00-13:00";https://www.google.com/maps/search/?api=1&query=53.5835146,9.9792582;;
Friseur/Barber;Friseur Engel;Martinistraße 52;20251;;+49 40 97073445;"Mo-Fr 09:00-18:00; Sa 10:00-15:00";https://www.google.com/maps/search/?api=1&query=53.5909683,9.9737851;;
Friseur/Barber;Inkognito;Gärtnerstraße 54;20253;;;;https://www.google.com/maps/search/?api=1&query=53.5820842,9.9661144;;
Friseur/Barber;Canbolat Ahmet Herrenfriseur;Gärtnerstraße 89;20253;;;"Tu-Fr 09:00-18:00; Sa 09:00-14:00";https://www.google.com/maps/search/?api=1&query=53.5809745,9.9654882;;
Friseur/Barber;Goldene Schere;Hoheluftchaussee 91;20253;;;;https://www.google.com/maps/search/?api=1&query=53.5820903,9.9713334;;
Friseur/Barber;I Love Hair;Heußweg 67;20255;;+49 40 72964410;"Tu-Fr 10:00-19:00; Sa 10:00-19:00";https://www.google.com/maps/search/?api=1&query=53.578292,9.9534334;;
Friseur/Barber;Hair Cut;Stellinger Weg 28;20255;;;Mo-Sa 09:00-20:00;https://www.google.com/maps/search/?api=1&query=53.5793773,9.9495308;;
Friseur/Barber;Haarschneider;Müggenkampstraße;20257;;;"Mo-Fr 10:00-19:00; Sa 09:00-16:00";https://www.google.com/maps/search/?api=1&query=53.5795365,9.9446808;;
Friseur/Barber;Anja Brodersen;Eppendorfer Weg 35;20259;;;"""nach Vereinbarung""";https://www.google.com/maps/search/?api=1&query=53.57045,9.9576368;;
Friseur/Barber;schnitt und mehr;Eppendorfer Weg 75;20259;;+49 173 3747379;"Tu,We,Fr 10:00-19:00; Th 14:00-22:00; Sa 09:00-14:00";https://www.google.com/maps/search/?api=1&query=53.5720141,9.9587312;;
Friseur/Barber;Haarstudio 70;Osterstraße 70;20259;;+49 40 40 77 30;"Tu-Fr 09:00-18:30; Sa 09:00-14:00";https://www.google.com/maps/search/?api=1&query=53.5754416,9.9560205;;
Friseur/Barber;Köpke;Osterstraße 87;20259;;+49 40 40 62 95;"Mo-Fr 09:00-19:00; Sa 08:00-16:00";https://www.google.com/maps/search/?api=1&query=53.5754518,9.9542595;;
Friseur/Barber;Schneideraum;Kaiser-Wilhelm-Straße 79;20355;;;;https://www.google.com/maps/search/?api=1&query=53.5542057,9.9817565;;
Friseur/Barber;Matsunaga;Stadthausbrücke 5;20355;Neustadt;;;https://www.google.com/maps/search/?api=1&query=53.5514309,9.985555;;
Friseur/Barber;Le Coupe;Schulterblatt 23;20357;;;"Mo-Fr 10:00-19:00; Sa 10:00-18:00; Su,PH off";https://www.google.com/maps/search/?api=1&query=53.5600761,9.9633874;;
Friseur/Barber;Coiffeur Schanze;Schulterblatt 51;20357;;+49 40 436595;"Mo-Sa 09:00-18:00; PH off";https://www.google.com/maps/search/?api=1&query=53.5610897,9.9625333;;
Friseur/Barber;Salon Ephesus;Susannenstraße 35;20357;;+49 40 5722 8154;"Mo-Fr 09:00-20:00; Sa 09:00-18:00; PH off";https://www.google.com/maps/search/?api=1&query=53.5623968,9.9633614;;
Friseur/Barber;Kado´s, Blade&Fade;Susannenstraße 39;20357;;+49 176 37531284;"Mo-Fr 09:00-20:00; Sa 10:-20:00";https://www.google.com/maps/search/?api=1&query=53.5621024,9.9626276;;
Friseur/Barber;Frisenleger;Beim Grünen Jäger 21;20359;;;"Tu-Fr 10:00-19:30; Sa 09:30-16:00; Su,Mo,PH off";https://www.google.com/maps/search/?api=1&query=53.5586694,9.9634821;;
Friseur/Barber;Friseur Riekhoff;Beim Grünen Jäger 9;20359;;;"Mo-Fr 08:00-18:00; Sa 09:00-18:00; Su off";https://www.google.com/maps/search/?api=1&query=53.557232,9.9629296;;
Friseur/Barber;HairCut;Bürgerweide 34;20535;;;"Tu-Th 09:00-18:00; Fr 09:00-19:00; Sa 09:00-14:00";https://www.google.com/maps/search/?api=1&query=53.5568338,10.0308832;;
Friseur/Barber;Hammer Schnitte;Hammer Steindamm 76;20535;;+49 40 2006210;"Tu-Fr 11:00-20:00; Sa 09:00-17:00; Mo off";https://www.google.com/maps/search/?api=1&query=53.5628427,10.056115;;
Friseur/Barber;Nord Style;Rothenburgsorter Marktplatz 2;20539;;+49 176 22704219;"Mo-Fr 09:00-19:00; Sa 09:00-17:00";https://www.google.com/maps/search/?api=1&query=53.5332195,10.0386175;;
Friseur/Barber;Custom Cuts;Hinterm Graben 15;21029;;+49 40 7218821;"Tu-Fr 09:00-18:00; Sa 09:00-14:00; PH off";https://www.google.com/maps/search/?api=1&query=53.4872963,10.2129875;;
Friseur/Barber;Simone's Herzstück;Reetwerder 19;21029;;+494072693343;"Tu-Fr 09:00-18:00; Sa 09:00-14:00";https://www.google.com/maps/search/?api=1&query=53.4909891,10.2100842;;
Friseur/Barber;Frisör Bötjer;Reetwerder 5;21029;;;"Mo,We,Fr 09:00-19:00; Tu,Th 09:00-20:00";https://www.google.com/maps/search/?api=1&query=53.4906205,10.2089299;;
Friseur/Barber;Ulrike Otte - Friseurmeisterbe. & Med. Fußpflege;Töpfertwiete 7;21029;;+49 40 88172673;"We-Fr 09:00-18:00; Sa 08:00-13:00";https://www.google.com/maps/search/?api=1&query=53.4857349,10.2148326;;
Friseur/Barber;figaro;Töpfertwiete 7;21029;;+49 40 7217223;"Tu-Fr 09:00-18:00; Sa 08:00-12:30";https://www.google.com/maps/search/?api=1&query=53.4856711,10.2148008;;
Friseur/Barber;Star Friseur;Alte Holstenstraße 22;21031;;;Mo-Sa 09:00-19:30;https://www.google.com/maps/search/?api=1&query=53.4929234,10.2070448;;
Friseur/Barber;Trend Style;Alte Holstenstraße 53;21031;;+49 40 69465137;Mo-Fr 09:00-19:30, Sa 09:00-19:00;https://www.google.com/maps/search/?api=1&query=53.4909356,10.2079357;;
Friseur/Barber;Coiffeur Claudia;Mendelstraße 26f;21031;;;;https://www.google.com/maps/search/?api=1&query=53.5088277,10.1864693;;
Friseur/Barber;Friseur Gerlach;Ladenbeker Furtweg 10a;21033;;+49 40 7397859;;https://www.google.com/maps/search/?api=1&query=53.5029739,10.1891072;;
Friseur/Barber;Tattje Team;Edith-Stein-Platz 6;21035;;;;https://www.google.com/maps/search/?api=1&query=53.4871992,10.1811557;;
Friseur/Barber;Frisörladen Gladiator Inh. Sylke Meyns;Kirchenheerweg 166;21037;;+49 40 7230708;"Di-Fr 09:00-18:00; Sa 08:00-13:00";https://www.google.com/maps/search/?api=1&query=53.4041513,10.1855653;;
Friseur/Barber;Ronald Reinholz Friseure;Harburger Ring 19;21073;;;"Tu-Fr 09:30-19:00; Sa 09:00-15:00";https://www.google.com/maps/search/?api=1&query=53.4601529,9.9829104;;
Friseur/Barber;Style Friseur;Moorstraße 11;21073;;;Mo-Sa 09:00-20:00;https://www.google.com/maps/search/?api=1&query=53.4570576,9.9865448;;
Friseur/Barber;Men Style;Moorstraße 3;21073;;;Mo-Su 09:00-20:00;https://www.google.com/maps/search/?api=1&query=53.4569567,9.9857158;;
Friseur/Barber;Beauty & hair;Moorstraße 7;21073;;;;https://www.google.com/maps/search/?api=1&query=53.4569854,9.9859288;;
Friseur/Barber;XL Cut Company;Moorstraße 9;21073;;;;https://www.google.com/maps/search/?api=1&query=53.4570857,9.9860548;;
Friseur/Barber;Soft Hair;Seevepassage 1;21073;;;;https://www.google.com/maps/search/?api=1&query=53.4573168,9.9857117;;
Friseur/Barber;Soft Hair;Seevepassage 2;21073;;;Mo-Sa 09:00-18:00;https://www.google.com/maps/search/?api=1&query=53.4571864,9.9852521;;
Friseur/Barber;Hollyhair;Seevepassage 4;21073;;;;https://www.google.com/maps/search/?api=1&query=53.4570442,9.9857502;;
Friseur/Barber;Figaro;Seeveplatz 1;21073;;+49 40 7664488;"Mo-Sa 09:30-20:00; PH off";https://www.google.com/maps/search/?api=1&query=53.457495,9.9872012;;
Friseur/Barber;IZZI CUT;Seeveplatz 1;21073;;;Mo-Sa 09:00-20:00;https://www.google.com/maps/search/?api=1&query=53.4572168,9.9869294;;
Friseur/Barber;Yasa Friseur;Wilstorfer Straße 62;21073;;;Mo-Sa 09:00-20:00;https://www.google.com/maps/search/?api=1&query=53.4558088,9.9864367;;
Friseur/Barber;Phoenix Friseursalon;Wilstorfer Straße 70;21073;;;;https://www.google.com/maps/search/?api=1&query=53.455396,9.9869866;;
Friseur/Barber;Dilan Friseur Salon;Wilstorfer Straße 74;21073;;;Mo-Sa 09:00-20:00;https://www.google.com/maps/search/?api=1&query=53.4552191,9.9870895;;
Friseur/Barber;Mr. Berber;Wilstorfer Straße 92;21073;;;;https://www.google.com/maps/search/?api=1&query=53.4540133,9.9874901;;
Friseur/Barber;Salon Fresh-Hair;Heimfelder Straße 3;21075;;+49 40 30086715;"Mo-Fr 09:00-18:00; Sa 08:30-15:00; PH off";https://www.google.com/maps/search/?api=1&query=53.465107,9.9627776;;
Friseur/Barber;Picobello;Fünfhausener Straße 26;21079;;;;https://www.google.com/maps/search/?api=1&query=53.4603007,10.0452965;;
Friseur/Barber;Hair Lounge;Harburger Schloßstraße 9;21079;;+49 40 76755503;Mo-Fr 09:00-18:00;https://www.google.com/maps/search/?api=1&query=53.4646831,9.9825918;;
Friseur/Barber;Gentleman Cut;Fährstraße 48;21107;;;;https://www.google.com/maps/search/?api=1&query=53.5157623,9.9866236;;
Friseur/Barber;Friseur Salon 91;Reinstorfweg 10a;21107;;+49 40 7532640;"Mo-Fr 09:15-19:00; Sa 09:15-18:00";https://www.google.com/maps/search/?api=1&query=53.5018147,9.9926207;;
Friseur/Barber;Dream Style;Veringstraße 101;21107;;;;https://www.google.com/maps/search/?api=1&query=53.5099,9.9863743;;
Friseur/Barber;Baran's Style;Veringstraße 20;21107;;+49 40 7534797;"Mo-Fr 09:30-19:00; Sa 09:30-17:00; PH off";https://www.google.com/maps/search/?api=1&query=53.5167133,9.9876735;;
Friseur/Barber;Friseursalon Janine Bönchen;Neßdeich 112;21129;;;;https://www.google.com/maps/search/?api=1&query=53.5342546,9.8612246;;
Friseur/Barber;Finkenwerder Frisurendiele;Ostfrieslandstraße 33;21129;;+49 40 7429799;"Tu-Th 08:30-18:00; Fr 08:00-18:00; Sa 07:30-12:00; PH off";https://www.google.com/maps/search/?api=1&query=53.529292,9.8791473;;
Friseur/Barber;O Haar A;Steendiek 40;21129;;+49 40 33396946;;https://www.google.com/maps/search/?api=1&query=53.5327638,9.8797854;;
Friseur/Barber;Weber's Herrensalon;Behnkenkammer 1;22041;;+49 40 681980;"Tu-Fr 9:00-18:00; Sa 7:00-12:00";https://www.google.com/maps/search/?api=1&query=53.5796024,10.0734697;;
Friseur/Barber;Salon Rilana;Holzmühlenstraße 31;22041;;;;https://www.google.com/maps/search/?api=1&query=53.5802116,10.0813134;;
Friseur/Barber;Helferich;Königsreihe 35;22041;;;"Tu-Fr 09:00-18:00; Sa 09:00-13:00";https://www.google.com/maps/search/?api=1&query=53.5745304,10.0637399;;
Friseur/Barber;HIT Hairdress GmbH;Schloßstraße 106;22041;;+49 176 75139241;;https://www.google.com/maps/search/?api=1&query=53.5721314,10.074662;;
Friseur/Barber;essanelle;Wandsbeker Allee 72;22041;;;;https://www.google.com/maps/search/?api=1&query=53.5735131,10.0697182;;
Friseur/Barber;Fine Style;Wandsbeker Marktstraße 8;22041;;;Mo-Sa 09:00-20:00;https://www.google.com/maps/search/?api=1&query=53.570492,10.0615756;;
Friseur/Barber;STAR FRISEUR;Berliner Platz 13d;22045;;+491794578799;Mo-Sa 09:00-19:00;https://www.google.com/maps/search/?api=1&query=53.5843199,10.1441491;;
Friseur/Barber;Salon Hair Point;Pillauer Straße 72;22047;;;;https://www.google.com/maps/search/?api=1&query=53.5938755,10.0870475;;
Friseur/Barber;Balat Cut;Lesserstraße 158;22049;;+49 40 24431433;Mo-Sa 09:00-19:30;https://www.google.com/maps/search/?api=1&query=53.5923479,10.0760946;;
Friseur/Barber;Friseur Salon Massi;Dehnhaide 44;22081;;;"Tu-Fr 10:00-18:30; Sa 10:00-15:00; PH,Su off";https://www.google.com/maps/search/?api=1&query=53.5789244,10.0449658;;
Friseur/Barber;Genti Barber;Dehnhaide 50;22081;;;Mo-Sa 10:00-19:00;https://www.google.com/maps/search/?api=1&query=53.5788916,10.0453028;;
Friseur/Barber;Kittys Schnittkunst;Von-Essen-Straße 88;22081;;+49 40 23764898;"Tu-Fr 09:30-19:00; Sa 10:00-14:00";https://www.google.com/maps/search/?api=1&query=53.5773656,10.0460101;;
Friseur/Barber;Codex Friseure;Hamburger Straße 116c;22083;;;Mo-Sa 09:00-19:00;https://www.google.com/maps/search/?api=1&query=53.5750455,10.0364518;;
Friseur/Barber;KreHaarTiv;Hamburger Straße 164;22083;;;Mo-Fr 09:00-18:00;https://www.google.com/maps/search/?api=1&query=53.576864,10.038516;;
Friseur/Barber;Herrensalon Michael Lohse;Weidestraße 16;22083;;+49 40 2993882;"Tu-Fr 08:30-18:00; Sa 08:00-13:00";https://www.google.com/maps/search/?api=1&query=53.5804361,10.0384837;;
Friseur/Barber;Bahar;Herderstraße 56;22085;;;"Tu-Fr 09:30-18:30; Sa 09:30-15:00";https://www.google.com/maps/search/?api=1&query=53.580855,10.0198887;;
Friseur/Barber;Haarstudio Figaro;Kuhmühle 6;22087;;+49 40 25178338;Tu-Sa 09:00-19:00;https://www.google.com/maps/search/?api=1&query=53.5643584,10.0245353;;
Friseur/Barber;Barber Shop Hamburg;Landwehr 1;22087;;+49 174 9025656;"Mo-Fr 09:30-19:00; Sa 09:00-15:00";https://www.google.com/maps/search/?api=1&query=53.5640696,10.0348852;;
Friseur/Barber;Manhattan Cut;Lübecker Straße 93;22087;;;"Mo-Th,Sa 09:00-19:00; Fr 09:00-20:00";https://www.google.com/maps/search/?api=1&query=53.5615335,10.0312688;;
Friseur/Barber;schnittraum;Papenhuder Straße 24;22087;;+49 40 28 51 93 51;"Tu-Fr 10:00-18:00; Sa 10:00-14:00";https://www.google.com/maps/search/?api=1&query=53.5664461,10.0196545;;
Friseur/Barber;Osi Barbier;Papenhuder Straße 52;22087;;;"Mo-Fr 09:00-19:00; Sa 09:00-18:00";https://www.google.com/maps/search/?api=1&query=53.5679943,10.018748;;
Friseur/Barber;Verlockend - Frisurenstudio Eilbek;Friedrichsberger Straße 2;22089;;+49 40 204398;"Tu-Fr 09:00-18:00; Sa 09:00-14:00";https://www.google.com/maps/search/?api=1&query=53.5720019,10.0513184;;
Friseur/Barber;Barber Shop Shave & Cut;Hasselbrookstraße 1;22089;;;;https://www.google.com/maps/search/?api=1&query=53.5617819,10.0373056;;
Friseur/Barber;Barber shop Aliaskar;Papenstraße 69;22089;;;;https://www.google.com/maps/search/?api=1&query=53.5654978,10.0459223;;
Friseur/Barber;Frisuren Lintz;Wandsbeker Chaussee 106;22089;;+49 40 2007818;"Mo-Th 09:30-18:00; Fr 09:30-18:30; PH,Sa,Su off";https://www.google.com/maps/search/?api=1&query=53.5670349,10.0442969;;
Friseur/Barber;SeventySeven Hairstudio;Wartenau 3;22089;;;"Mo-Fr 10:00-19:00; Sa 09:30-16:00";https://www.google.com/maps/search/?api=1&query=53.5643318,10.0339052;;
Friseur/Barber;InCut;Billstedter Hauptstraße 44-48;22111;;;;https://www.google.com/maps/search/?api=1&query=53.5397635,10.1015993;;
Friseur/Barber;Ela Haarstudio;Horner Landstraße 112;22111;;+49 40 57017847;"Tu-Fr 10:00-19:00; Sa 09:00-16:00";https://www.google.com/maps/search/?api=1&query=53.5510106,10.0754007;;
Friseur/Barber;Avangarde Le Coiffeur;Horner Landstraße 161;22111;;+49 40 6501901;Mo-Sa 09:30-19:00;https://www.google.com/maps/search/?api=1&query=53.5506464,10.0776196;;
Friseur/Barber;Haarschneiderei Janine;Horner Landstraße 445;22111;;+49 40 7327603;;https://www.google.com/maps/search/?api=1&query=53.5430303,10.0938706;;
Friseur/Barber;Class Friseur;Möllner Landstraße 18;22111;;+49 40 55895842;"Mo-Sa 09:00-20:00; PH off";https://www.google.com/maps/search/?api=1&query=53.5392479,10.1058149;;
Friseur/Barber;Friseursalon XL CUT;Möllner Landstraße 30;22111;;+49 40 81995844;"Mo-Fr 09:00-18:00; Sa 09:00-16:00; PH off";https://www.google.com/maps/search/?api=1&query=53.5388883,10.1077856;;
Friseur/Barber;frimod Frisiersalon;Möllner Landstraße 31;22111;;+49 40 7314593;"Mo,We,Th 09:00-18:00; Tu,Fr 08:00-18:00; Sa 08:00-14:00";https://www.google.com/maps/search/?api=1&query=53.5392156,10.1074176;;
Friseur/Barber;Fiffikus Friseur Team;Rennbahnstraße 26;22111;;;"Mo-Fr 08:30-18:00; Sa 07:30-12:00; PH off";https://www.google.com/maps/search/?api=1&query=53.5529446,10.0849147;;
Friseur/Barber;Marmaris Herrenfriseur;Rennbahnstraße 38e;22111;;+49 40 22660676;Mo-Sa 09:00-20:00;https://www.google.com/maps/search/?api=1&query=53.5540238,10.0850077;;
Friseur/Barber;Ihr Friseur am Rhiemsweg;Rhiemsweg 55;22111;;+49 40 76990830;Tu-Fr 09:00-18:00;https://www.google.com/maps/search/?api=1&query=53.558477,10.0751544;;
Friseur/Barber;Aydoğan;Schiffbeker Weg 4;22111;Billstedt;+49 176 70003481;Mo-Sa 08:00-21:00;https://www.google.com/maps/search/?api=1&query=53.5406618,10.101374;;
Friseur/Barber;Friseursalon Margarethe M.;Kneidenweg 1;22113;;+49 40 73678872;"Tu-Fr 08:30-18:00; Sa 07:30-12:00";https://www.google.com/maps/search/?api=1&query=53.5009232,10.0787967;;
Friseur/Barber;GEORGE Hairstyling;Feiningerstraße 6;22115;;;;https://www.google.com/maps/search/?api=1&query=53.529092,10.1483761;;
Friseur/Barber;Hair&Flair;Bargteheider Straße 110;22143;;;;https://www.google.com/maps/search/?api=1&query=53.6060865,10.1491872;;
Friseur/Barber;Salon Beider;Hermann-Balk-Straße 120;22147;;;;https://www.google.com/maps/search/?api=1&query=53.6251557,10.1404678;;
Friseur/Barber;Salon Gebers;Am Hegen 60;22149;;+49 40 6724546;Mo-Fr 09:00-18:00;https://www.google.com/maps/search/?api=1&query=53.5913432,10.1751802;;
Friseur/Barber;Haydar´s Herrenfriseur;August-Krogmann-Straße 22;22159;;+49 176 26931840;Mo-Sa 09:00-20:00, Sa 09:00-19:00;https://www.google.com/maps/search/?api=1&query=53.60789,10.1170455;;
Friseur/Barber;Farzana Styling;Eckerkoppel 121;22159;;+49 40 64430711;"Tu-Fr 09:00-18:30; Sa 09:00-14:00";https://www.google.com/maps/search/?api=1&query=53.5973843,10.1020097;;
Friseur/Barber;Ihre Frisierstube;Neusurenland 103;22159;;+49 40 6435035;;https://www.google.com/maps/search/?api=1&query=53.6165518,10.1139779;;
Friseur/Barber;Hair & Flair;Neusurenland 98;22159;;+49 40 24825850;"Tu-Fr 09:00-18:00; Sa 09:00-14:00";https://www.google.com/maps/search/?api=1&query=53.6161661,10.1142821;;
Friseur/Barber;Frisör Katrin Konkel;Bramfelder Chaussee 345;22175;;+49 40 64224019;"Tu-Fr 08:00-18:00; Sa 07:00-12:00";https://www.google.com/maps/search/?api=1&query=53.6195251,10.0806078;;
Friseur/Barber;Zum Wuschelkopf;Königsberger Straße 10;22175;;+49 40 649 41 456;;https://www.google.com/maps/search/?api=1&query=53.6233293,10.085247;;
Friseur/Barber;Salon Köster & Gloc G.b.R.;Bramfelder Chaussee 231;22177;;+49 40 6417410;"Mo-Fr 09:00-18:00; Sa 09:00-16:00";https://www.google.com/maps/search/?api=1&query=53.6126221,10.0747472;;
Friseur/Barber;Friseur Lounge;Bramfelder Chaussee 239;22177;;;"""Montag-Samstag nach Absprache""";https://www.google.com/maps/search/?api=1&query=53.6132906,10.0750717;;
Friseur/Barber;Suhr;Bramfelder Chaussee 285;22177;;+49 40 641 76 98;"Mo-Th 09:00-18:00; Fr 09:00-18:30; Sa 09:00-13:00; PH off";https://www.google.com/maps/search/?api=1&query=53.6168785,10.0770527;;
Friseur/Barber;HM Hairfactory Melek;Bramfelder Chaussee 291;22177;;+494030098698;;https://www.google.com/maps/search/?api=1&query=53.6173007,10.0776933;;
Friseur/Barber;Fiffikus Friseur Team;Fabriciusstraße;22177;;;;https://www.google.com/maps/search/?api=1&query=53.5993579,10.061277;;
Friseur/Barber;Friseur am Brado;Bramfelder Dorfplatz 4 D;22179;;+49 40 41346100;"Mo-Fr 09:00-19:00; Sa 09:00-18:00";https://www.google.com/maps/search/?api=1&query=53.6129871,10.0769161;;
Friseur/Barber;Tagmond Hairstyling;Braamkamp 16;22297;;+49 40 516495;Tu-Fr 09:00-18:00, Sa 08:30-13:00;https://www.google.com/maps/search/?api=1&query=53.6017511,9.9978608;;
Friseur/Barber;Makkas Coiffeur;Heubergredder 48;22297;;+49 40 27865682;"Mo-Fr 09:00-20:00; Sa 09:00-18:00";https://www.google.com/maps/search/?api=1&query=53.6067517,10.0116441;;
Friseur/Barber;Exzellenz;Alsterdorfer Straße 4;22299;;;;https://www.google.com/maps/search/?api=1&query=53.5952125,9.9985253;;
Friseur/Barber;Kardour Hairstyling & Make Up;Barmbeker Straße 189;22299;;;;https://www.google.com/maps/search/?api=1&query=53.5939519,9.9999461;;
Friseur/Barber;Salon 33;Himmelstraße 33;22299;;;"Mo 14:00-18:00+; Tu-Fr 10:00-20:00; Sa 10:00-14:00";https://www.google.com/maps/search/?api=1&query=53.596574,9.9991869;;
Friseur/Barber;Friseure Elbschön;Lattenkamp 6;22299;;;;https://www.google.com/maps/search/?api=1&query=53.5976504,9.9966578;;
Friseur/Barber;Frau Schere;Ohlsdorfer Straße 5;22299;;+49 40 41406597;"Tu-Fr 10:00-18:00; Sa 10:00-14:00";https://www.google.com/maps/search/?api=1&query=53.595437,10.0007223;;
Friseur/Barber;Ayfer Haargalerie;Dorotheenstraße 112;22301;;+49 40 278 081 83;Mo-Fr 09:30-19:00;https://www.google.com/maps/search/?api=1&query=53.5867919,10.0055974;;
Friseur/Barber;Barber Haarwelt;Dorotheenstraße 132;22301;;;"Mo-Fr 09:00-20:00; Sa 09:00-19:00";https://www.google.com/maps/search/?api=1&query=53.5876102,10.0050611;;
Friseur/Barber;Salon im Hof;Alter Güterbahnhof 7b;22303;;+49 40 32047531;"Tu-Fr 10:00-19:00; Sa 09:00-18:00";https://www.google.com/maps/search/?api=1&query=53.5931965,10.0340505;;
Friseur/Barber;Salon Fuhle;Fuhlsbüttler Straße 121;22305;;;"Mo-Fr 09:00-18:00; Sa 09:00-15:00";https://www.google.com/maps/search/?api=1&query=53.5899549,10.0448613;;
Friseur/Barber;Salon Joli;Fuhlsbüttler Straße 130;22305;;;"Mo-Fr 09:00-19:00; Sa 09:00-16:00";https://www.google.com/maps/search/?api=1&query=53.5903094,10.0452784;;
Friseur/Barber;Haarmonie;Fuhlsbüttler Straße 155;22305;;;"Mo-Fr 09:00-19:00; Sa 09:00-16:00";https://www.google.com/maps/search/?api=1&query=53.5920844,10.043901;;
Friseur/Barber;Hairstudio Maice;Fuhlsbüttler Straße 172b;22305;;;;https://www.google.com/maps/search/?api=1&query=53.592393,10.044527;;
Friseur/Barber;Salon Wegner;Schwalbenstraße 59;22305;;;"Tu-Fr 09:00-18:00; Sa 08:00-12:00";https://www.google.com/maps/search/?api=1&query=53.5919293,10.0465295;;
Friseur/Barber;Style of Hair;Fuhlsbüttler Straße 175;22307;;;;https://www.google.com/maps/search/?api=1&query=53.5943482,10.0437693;;
Friseur/Barber;Evin's Hair Lounge;Fuhlsbüttler Straße 178;22307;;;"Mo-Fr 09:30-19:00; Sa 09:00-18:00; Su,PH off";https://www.google.com/maps/search/?api=1&query=53.5932863,10.0445796;;
Friseur/Barber;Salon 48;Fuhlsbüttler Straße 181;22307;;;;https://www.google.com/maps/search/?api=1&query=53.594963,10.0435509;;
Friseur/Barber;Schnittpunkt;Hartzlohplatz 3;22307;;+49 40 6306353;"""Termine nach Vereinbarung 630 63 53""";https://www.google.com/maps/search/?api=1&query=53.6028106,10.0438209;;
Friseur/Barber;The Man‘s Mane;Fuhlsbüttler Straße 406;22309;;;Mo-Sa 10:00-19:00;https://www.google.com/maps/search/?api=1&query=53.6027845,10.0409944;;
Friseur/Barber;Andre D;Alsterkrugchaussee 587;22335;;+49 40 598088;"Tu-Th 09:00-18:00; Fr 09:00-18:30; Sa 09:00-13:00";https://www.google.com/maps/search/?api=1&query=53.6313372,10.0144319;;
Friseur/Barber;Coiffeur MK HerrenSalon;Erdkampsweg 32;22335;;+49 40 26103205;"Mo-Fr 09:00-19:00; Sa 09:00-18:00";https://www.google.com/maps/search/?api=1&query=53.6288656,10.0239217;;
Friseur/Barber;Meinecke;Hummelsbütteler Landstraße 13;22335;;;"Mo-Fr 09:00-18:30; Sa 08:30-14:00";https://www.google.com/maps/search/?api=1&query=53.6272986,10.0241929;;
Friseur/Barber;Hairstyling-Center;Hummelsbütteler Markt 14;22339;;+49 40 52 72 17 02;"Mo-Fr 09:00-18:00; Sa 09:00-14:00";https://www.google.com/maps/search/?api=1&query=53.6426855,10.0471385;;
Friseur/Barber;LA BIOSTETIQUE;Hummelsbüttler Hauptstraße 39;22339;;+49 40 5383852;"""Nach Vereinbarung""";https://www.google.com/maps/search/?api=1&query=53.6403766,10.0361939;;
Friseur/Barber;Salon N Nabi;Hummelsbüttler Hauptstraße 66;22339;;+49 40 5385807;"Tu-Fr 8:30-18:00; Sa 8:00-12:00; PH off";https://www.google.com/maps/search/?api=1&query=53.6411247,10.037499;;
Friseur/Barber;Salon Andrea Winkler;Stüffeleck 8;22359;;;"Mo-Fr 08:30-18:30; Sa 08:30-14:00";https://www.google.com/maps/search/?api=1&query=53.6698463,10.1433502;;
Friseur/Barber;Davide Mebrahtu;Waldherrenallee 16;22359;;+49 40 65912312;;https://www.google.com/maps/search/?api=1&query=53.6687903,10.1520962;;
Friseur/Barber;Cre-Haar-tiv;Rolfinckstraße 9;22391;;+49 40 5362834;"Mo-Th 09:00-18:00; Fr 09:00-19:00; Sa 09:00-14:00";https://www.google.com/maps/search/?api=1&query=53.6414433,10.0814788;;
Friseur/Barber;Selinas Haaratelier;Stadtbahnstraße 15;22393;;+49 40 5365533;Mo-Fr 09:00-18:00;https://www.google.com/maps/search/?api=1&query=53.6535731,10.1081961;;
Friseur/Barber;Stern Friseur;Stormarnplatz 1;22393;;+49 40 38653992;"Mo-Fr 09:00-19:00, Sa 09:00-17:00; PH off";https://www.google.com/maps/search/?api=1&query=53.6517031,10.094924;;
Friseur/Barber;Salon Krogmann;Duvenstedter Damm 42;22397;;;;https://www.google.com/maps/search/?api=1&query=53.7074772,10.1112271;;
Friseur/Barber;Hairdresser Bünning;Duvenstedter Damm 47;22397;;;;https://www.google.com/maps/search/?api=1&query=53.7080754,10.1076469;;
Friseur/Barber;Friseur Amour;Poppenbüttler Hauptstraße 14;22399;;;;https://www.google.com/maps/search/?api=1&query=53.6625175,10.0878078;;
Friseur/Barber;Headquarter Barbershop;Flughafenstraße 73;22415;;;;https://www.google.com/maps/search/?api=1&query=53.6403434,10.017995;;
Friseur/Barber;Baumann Hairstyling;Langenhorner Markt 2c;22415;;+49 40 531 72 01;"Mo-Fr 09:00-18:30; Sa 09:00-14:00";https://www.google.com/maps/search/?api=1&query=53.6499092,10.0146752;;
Friseur/Barber;Haarstudio Bergmann;Käkenflur 16 g;22419;;+49 40 527 47 67;"Tu-Th 08:30-18:00; Fr 08:30-18:30; Sa 08:00-13:00";https://www.google.com/maps/search/?api=1&query=53.6723583,9.9993568;;
Friseur/Barber;Kaminski;Am Dorfteich 4a;22457;;+49 40 5502330;"Tu-Fr 08:30-18:00; Sa 7:00-13:00; PH off";https://www.google.com/maps/search/?api=1&query=53.635673,9.9195511;;
Friseur/Barber;Geti's Barber Shop;Frohmestraße 6;22457;;+49 40 20910600;"Mo-Fr 09:00-19:00; Sa 09:00-16:00; PH off";https://www.google.com/maps/search/?api=1&query=53.6357619,9.9180241;;
Friseur/Barber;Friseur Tanja Nielsen;Oldesloer Straße 43;22457;;;"Mo off; Tu-Fr 09:30-18:00; Sa 09:00-14:00";https://www.google.com/maps/search/?api=1&query=53.6365139,9.9173673;;
Friseur/Barber;Ayend Barber & Hair;Oldesloer Straße 60;22457;;;"Mo-Fr 09:00-19:00; Sa 09:00-16:00";https://www.google.com/maps/search/?api=1&query=53.6352966,9.9162168;;
Friseur/Barber;Barbershop Schnelsen;Pinneberger Straße 15;22457;;;"Mo-Fr 09:00-19:00, Sa 09:00-18:00; PH off";https://www.google.com/maps/search/?api=1&query=53.6324416,9.9081971;;
Friseur/Barber;Hairstyling And More;Paul-Sorge-Straße 5;22459;;+49 40 584475;"Tu-Sa 09:00-19:00; PH off";https://www.google.com/maps/search/?api=1&query=53.6223271,9.9511373;;
Friseur/Barber;Kings Cut;Tibarg 37;22459;;+49 40 58955557;Mo-Fr 09:00-18:00;https://www.google.com/maps/search/?api=1&query=53.622065,9.9519845;;
Friseur/Barber;Friseursalon Hinrichs;Försterweg 52;22525;;+4940545336;"Tu, Th 08:30-18:00; ";https://www.google.com/maps/search/?api=1&query=53.5794993,9.9292723;;
Friseur/Barber;Sultan Friseur;Langenfelder Damm 84;22525;;;Mo-Sa 09:00-19:00;https://www.google.com/maps/search/?api=1&query=53.5826639,9.9359326;;
Friseur/Barber;Medusa Salon;Kieler Straße 624A;22527;;;"Mo-Sa 09:00-19:00; Su,PH off";https://www.google.com/maps/search/?api=1&query=53.6028367,9.9121534;;
Friseur/Barber;Salon La Hair;Luruper Hauptstraße 250;22547;;+49 40 46635388;"Mo-Fr 09:30-19:30; Sa 09:30-18:00";https://www.google.com/maps/search/?api=1&query=53.5978274,9.8627421;;
Friseur/Barber;Salon Müller Damen und Herren Frisör;Bornheide 47b;22549;;+49 40 8315036;"Mo-Fr 08:00-19:00; Sa 08:00-16:00";https://www.google.com/maps/search/?api=1&query=53.5873888,9.8511971;;
Friseur/Barber;Class;Kroonhorst 9e;22549;;;;https://www.google.com/maps/search/?api=1&query=53.5879137,9.8495777;;
Friseur/Barber;Friseure Stefan Weier-Witt;Langelohstraße 152;22549;;+49 40 8007722;Tu,We,Th 09:00-18:30, Fr 09:00-19:00, Sa 08:30-14:00;https://www.google.com/maps/search/?api=1&query=53.5723258,9.8467281;;
Friseur/Barber;Henftling;Rugenbarg;22549;;;"Mo,We,Th 09:00-18:00; Fr 09:00-18:30; Sa 07:00-13:00";https://www.google.com/maps/search/?api=1&query=53.5884642,9.87551;;
Friseur/Barber;Alena Böckmann;Am Rissener Bahnhof 21a;22559;;;;https://www.google.com/maps/search/?api=1&query=53.5826721,9.7557975;;
Friseur/Barber;PARK styling;Blankeneser Bahnhofstraße 56;22587;;;"Tu-Th 10:00-19:00; Fr 09:00-19:00; Sa 09:00-16:00";https://www.google.com/maps/search/?api=1&query=53.5627591,9.8118933;;
Friseur/Barber;Zakaryan Hairstyle;Beselerplatz 11;22607;;;"Mo-Fr 10:00-18:30; Sa 10:00-16:00";https://www.google.com/maps/search/?api=1&query=53.5596961,9.8880719;;
Friseur/Barber;Carolin Lembke;Beselerplatz 12;22607;;;"Tu-Fr 09:00-18:00; Sa 09:00-14:00; Mo off; PH off";https://www.google.com/maps/search/?api=1&query=53.5596794,9.8876722;;
Friseur/Barber;Kentzler;Bahrenfelder Chaussee 174;22761;;;"Tu-Fr 09:00-18:00; Sa 09:00-13:00";https://www.google.com/maps/search/?api=1&query=53.5708346,9.899403;;
Friseur/Barber;Memo Haircut;Bahrenfelder Chaussee 56;22761;;;"Mo-Fr 09:00-20:00; Sa 09:00-21:00";https://www.google.com/maps/search/?api=1&query=53.5658628,9.911628;;
Friseur/Barber;Rizik;Bahrenfelder Straße 117;22765;;;"Mo-Fr 10:00-20:00; Sa 09:00-20:00";https://www.google.com/maps/search/?api=1&query=53.5529099,9.9295885;;
Friseur/Barber;Master Cut;Bahrenfelder Straße 122;22765;;;Mo-Sa 09:00-20:00;https://www.google.com/maps/search/?api=1&query=53.5526677,9.9300972;;
Friseur/Barber;Salon Algan;Bahrenfelder Straße 183;22765;;;"Mo-Fr 09:00-18:00; Sa 09:00-17:00";https://www.google.com/maps/search/?api=1&query=53.5548721,9.9284266;;
Friseur/Barber;SIMSEK Friseur;Bahrenfelder Straße 216;22765;;;Mo-Su 11:00-19:00;https://www.google.com/maps/search/?api=1&query=53.5556437,9.9286336;;
Friseur/Barber;Izzo;Bahrenfelder Straße 231;22765;;;"Mo-Fr 09:00-19:00; Sa 09:00-17:30";https://www.google.com/maps/search/?api=1&query=53.5567197,9.9279396;;
Friseur/Barber;Maigold;Barnerstraße 1;22765;;;Mo-Sa 10:00-18:00;https://www.google.com/maps/search/?api=1&query=53.5550934,9.9342514;;
Friseur/Barber;XL-Cut;Große Rainstraße 16;22765;;;;https://www.google.com/maps/search/?api=1&query=53.5523121,9.9305896;;
Friseur/Barber;STUDIO Quarante;Hohenesch 40;22765;;;"""nach Vereinbarung""";https://www.google.com/maps/search/?api=1&query=53.5543299,9.9304479;;
Friseur/Barber;Hairport;Max-Brauer-Allee 168;22765;;;Mo-Sa 09:00-20:00;https://www.google.com/maps/search/?api=1&query=53.5583409,9.949074;;
Friseur/Barber;Coiffeur Türkan;Max-Brauer-Allee 55;22765;;+49 40 3894046;;https://www.google.com/maps/search/?api=1&query=53.5526712,9.9371286;;
Friseur/Barber;Memo's Barbershop;Ottenser Hauptstraße 93;22765;;+49 40 39898812;;https://www.google.com/maps/search/?api=1&query=53.5523433,9.9300368;;
Friseur/Barber;Der Friseur-Ottensen;Planckstraße 21;22765;;+49 40 3901869;"We 08:00-19:00; Sa 08:00-15:00; Tu,Th,Fr 09:00-18:00";https://www.google.com/maps/search/?api=1&query=53.5566651,9.9221242;;
Friseur/Barber;Schick Kuaför;Große Bergstraße 213;22767;;;"Mo-Fr 09:00-19:00; Sa 09:00-17:00";https://www.google.com/maps/search/?api=1&query=53.5519715,9.9426419;;
Friseur/Barber;Coiffeur Nicki;Lamp'lweg 10;22767;;;"Tu-Fr 10:00-19:00; Sa 10:00-16:00";https://www.google.com/maps/search/?api=1&query=53.5529908,9.9387639;;
Friseur/Barber;Saint Paul's Friseur;Paul-Roosen-Straße 5;22767;;+494031792121;Di-Fr 09:00-19:00;https://www.google.com/maps/search/?api=1&query=53.5527988,9.9596268;;
Friseur/Barber;Schücky's;Max-Brauer-Allee 253;22769;;;"Tu-Fr 10:30-18:00; Sa 10:30-16:00";https://www.google.com/maps/search/?api=1&query=53.5628457,9.9576721;;
Friseur/Barber;Kluge Mädchen;Max-Brauer-Allee 271;22769;;;"Tu-Th 09:00-21:00; Fr 09:00-20:00; Sa 10:00-16:00";https://www.google.com/maps/search/?api=1&query=53.5634427,9.9589728;;
Friseur/Barber;Götterschnitt;Arnoldstraße 45;;;;"Tu-Fr 10:00-19:00; Sa 10:00-15:00";https://www.google.com/maps/search/?api=1&query=53.5488051,9.9258789;;
Friseur/Barber;Schrägschnitt;Bahrenfelder Straße 143;;;;"Tu-Fr 09:00-19:00; Sa 09:00-16:00";https://www.google.com/maps/search/?api=1&query=53.5535205,9.9288197;;
Friseur/Barber;Martz Group;Bargteheider Straße 116a;;;;;https://www.google.com/maps/search/?api=1&query=53.6067317,10.1496041;;
